Question,Option 1,Option 2,Option 3,Option 4,Option 5,Current Answer,Explanation,Categories,Type,Question Attachments,Points,Option 1 Attachment,Option 2 Attachment,Option 3 Attachment,Option 4 Attachment,Option 5 Attachment,Hint 1,question timer delay by secs
What do koalas primarily eat?,Fruits,Cassava,Eucalyptus Leaves,Olives,,Eucalyptus Leaves,,Animal,Multiple Choice,,2,,,,,,These leaves come from a fragrant Australian tree and are toxic to most other animals.,
Which has the thickest fur of any mammal?,,,,,,Sea Otter,,Animal,Single Choice,,2,,,,,,Look to a kelp-forest swimmer that floats on its back.,
A newborn kangaroo is about the size of a … ?,,,,,,Grape,,Animal,Single Choice,,2,,,,,,Small enough to fit on a teaspoon at birth.,
What land animal has the most powerful bite?,,,,,,Hippopotamus,,Animal,Single Choice,,2,,,,,,This semi-aquatic African giant is far more aggressive than it looks.,
Where is the only place on their body dogs have sweat glands?,,,,,,The pads of their paws,,Animal,Single Choice,,2,,,,,,Check the part of them that touches the ground.,
What is a male duck called?,,,,,,Drake,,Animal,Single Choice,,2,,,,,,Shares a name with a chart-topping Canadian rapper.,
What is a baby hedgehog called?,,,,,,Hoglet,,Animal,Single Choice,,2,,,,,,A playful twist on the spiky adult's name.,
What percentage of baby animals are raised by both parents?,,,,,,3%,,Animal,Single Choice,,2,,,,,,It's a single-digit percentage — closer to 3 than 30.,
How many legs does a lobster have?,,,,,,10,,Animal,Single Choice,,2,,,,,,"The same count as a crab, claws included.",
What is a polar bear’s skin color?,,,,,,Black,,Animal,Single Choice,,2,,,,,,It's the opposite shade of what the fur suggests.,
What is a female donkey called?,,,,,,Jenny,,Animal,Single Choice,,2,,,,,,Also a common nickname for Jennifer.,
What is the only big cat that doesn’t roar?,,,,,,Cheetah,,Animal,Single Choice,,2,,,,,,The world's fastest sprinter can only purr and chirp.,
How many heart chambers does a cockroach have?,,,,,,13,,Animal,Single Choice,,2,,,,,,"More than a dozen, unlike our single one.",
What does a snake use to taste and smell?,,,,,,The roof of its mouth,,Animal,Single Choice,,2,,,,,,It flicks its tongue toward a special sensing organ up top.,
What is the main reason frogs croak?,,,,,,To attract a mate,,Animal,Single Choice,,2,,,,,,It's all about romance during breeding season.,
What is the process of a caterpillar turning into a butterfly called?,,,,,,Metamorphosis,,"Animal, Biology",Single Choice,,2,,,,,,From Greek roots meaning 'change of shape'.,
What is a baby goat called?,,,,,,Kid,,"Animal, Biology, Language",Single Choice,,2,,,,,,You might call a human child the same thing.,
What is a group of crows called?,,,,,,Murder,,"Animal, Biology, Language",Single Choice,,2,,,,,,The collective term sounds like a serious crime.,
"Which planet completes the title of a famous Botticelli painting ""The Birth of...""?",Neptune,Venus,Mars,Earth,,Venus,,Arts & Literature,Multiple Choice,,2,,,,,,The Roman goddess of love who was born from sea foam.,
What is the name of the following painting by Norwegian artist Edvard Munch?,,,,,,The Scream,,Arts & Literature,Single Choice,https://img.buzzfeed.com/buzzfeed-static/static/2024-10/12/4/asset/7c57ab7c6338/sub-buzz-3519-1728705769-1.jpg?downsize=600:*&output-format=auto&output-quality=auto,2,,,,,,The title describes the sound the figure seems to be making.,5
"Mark Twain is the pseudonym of what famous American author who wrote ""The Adventures of Huckleberry Finn""?",,,,,,Samuel Clemens,,Arts & Literature,Single Choice,,2,,,,,,He took his pen name from a riverboat depth call.,5
Canucks is a slang name for people from which country?,,,,,,Canada,,Arts & Literature,Single Choice,,2,,,,,,Think just north of the U.S. border.,
Which present-day female actor shares the name of William Shakespeare's wife?,,,,,,Anne Hathaway,,Arts & Literature,Single Choice,,2,,,,,,She won an Oscar for Les Misérables.,
Which famous painter could write with one hand and draw with the other at the same time?,,,,,,Leonardo da Vinci,,Arts & Literature,Single Choice,,2,,,,,,This Renaissance genius also sketched flying machines.,
What do clouds consist of?,liquid droplets,smoke,cotton candy,ozone,,Liquid Droplets,,Biology,Multiple Choice,,2,,,,,,"They're made of the same stuff as fog and rain, just suspended in the air.",
What is the medical term for the shoulder blade?,Clavicle,Scapula,Sternum,Patella ,,Scapula,"The clavicle is the collar bone, the sternum is the breastbone, and the patella is the kneecap.",Biology,Multiple Choice,,2,,,,,,It's the flat wing-like bone on your upper back.,
"Who anciently earned the title ""Father of Western Medicine""?",Galen,Louis Pasteur,Hippocrates,Alexander Fleming,,Hippocrates,"The father of medicine, he is best known for the Hippocratic Oath taken by physicians.",Biology,Multiple Choice,,2,,,,,,Physicians still swear an oath named after him.,
Which organ is primarily responsible for producing insulin in the human body?,Liver,Gallbladder,Pancreas,Spleen,,Pancreas,It contains clusters of cells known as islets that regulate blood sugar.,Biology,Multiple Choice,,2,,,,,,This organ sits behind the stomach and regulates blood sugar.,
Approximately how much blood does the average adult human body contain?,1 to 2 liters,5 liters,10 liters,15 liters,,5 liters,,Biology,Multiple Choice,,2,,,,,,It's roughly the volume of a large soda bottle and a half.,
Which of the following is considered a primary source of quick energy for the body?,Proteins,Carbohydrates,Fats,Vitamins,,Carbohydrates,Carbohydrates provide the body with its main source of fuel.,Biology,Multiple Choice,,2,,,,,,Think of the macronutrient athletes 'carb-load' on before a big race.,
Marsh Fever is another term for which tropical disease?,Cholera,Dengue,Typhoid,Malaria,,Malaria,,Biology,Multiple Choice,,2,,,,,,"It's spread by mosquitoes in warm, tropical regions.",
What is the name for the largest artery in the human body?,Aorta,Bypass,Capillary,Vein,,Aorta,,Biology,Multiple Choice,,2,,,,,,It carries blood directly out of the heart.,
When was smallpox declared eradicated worldwide?,never,1980,1940,2000,,1980,,Biology,Multiple Choice,,2,,,,,,It happened right around the start of the 1980s — a major WHO milestone.,
In what field does an ENT doctor work?,"Eyes, Nails, Teeth","Ears, Nose, Throat","Elbow, Neck, Thorax,","Esophagus, Nerves, Tastes",,"Ears, Nose, Throat",,Biology,Multiple Choice,,2,,,,,,The three letters each stand for a body part on your head.,
Where in your body would you find the rods and cones?,Eyes,Ears,Lungs,Fingers,,Eyes,,Biology,Multiple Choice,,2,,,,,,They're the cells in the part of you that detects light and color.,
The shape of DNA is known as the...?,Beta hairpin,Coiled-coil,mobius strip,Double helix,,Double helix,,Biology,Multiple Choice,,2,,,,,,Picture a twisted ladder or spiral staircase.,
Which of the following is considered the largest and strongest bone in the human body?,Tibia,Humerus,Femur,Radius,,Femur,"The femur (thigh bone) extends from the hip to the knee. It plays a crucial role in supporting your body weight, absorbing impact during workouts, and facilitating lower-body movement",Biology,Multiple Choice,,2,,,,,,It's the long bone in your thigh.,5
What type of tree do acorns come from?,,,,,,Oak tree,,Biology,Single Choice,,2,,,,,,Squirrels famously stash these nuts.,
What is the powerhouse of the cell?,,,,,,"The mitochondria is known as the powerhouse of the cell. These microscopic, double-membraned organelles act as the cell's engines by converting the food we eat into adenosine triphosphate (ATP)—the chemical energy currency that powers our heartbeat, muscle movements, and brain function",,Biology,Single Choice,,2,,,,,,It's the organelle that generates the cell's ATP energy.,
What is the material in cells that contains DNA and carries genetic information?,,,,,,Chromatin,,Biology,Single Choice,,2,,,,,,It condenses into chromosomes when a cell divides.,
"What are the protein-making sites of the cell, often attached to the endoplasmic reticulum?",,,,,,Ribosomes,,Biology,Single Choice,,2,,,,,,They read mRNA to string together amino acids.,5
Humans share 60% of their DNA with which fruit?,,,,,,Bananas,,Biology,Single Choice,,2,,,,,,This curved yellow fruit shares surprisingly much of our genetic code.,
True or False: Crawfish are fish.,,,,,,FALSE,They are crustaceans.,Biology,True or False,,2,,,,,,Think about the hard shell and claws — they're more like tiny lobsters.,
True or false: Human teeth are just as strong as shark teeth,TRUE,FALSE,,,,TRUE,,Biology,True or False,,2,,,,,,Enamel is enamel — tooth hardness is surprisingly similar across species.,
True or false: Ears continue to grow as a human ages,TRUE,FALSE,,,,TRUE,,Biology,True or False,,2,,,,,,"Along with your nose, this cartilage feature keeps changing as you age.",
What kind of organism is yeast?,Fungus,Plant,Bacteria,,,Fungus,,Biology,Multiple Choice,,2,,,,,,It's the same kingdom as mushrooms and mould — not a plant or a bacterium.,
Which of the following is NOT a vital organ of the human body?,Appendix,Kidneys,Bladder,,,Appendix,,Biology,Multiple Choice,,2,,,,,,Think of the small pouch you can live perfectly well without.,
What natural substance determines human skin tone?,Albumin,Keratin,Melanin,,,Melanin,,"Biology, Chemistry",Multiple Choice,,2,,,,,,It's the same pigment that makes your skin tan in the sun.,
"What is the pH of a neutral solution, such as pure water?",0,7,10,14,,7,"The pH scale measures how acidic or basic a substance is, ranging from 0 to 14. A pH of 7 represents a perfectly balanced, neutral solution where the concentration of hydrogen ions equals the concentration of hydroxide ions.",Chemistry,Multiple Choice,,2,,,,,,It sits at the exact middle of the 0-to-14 scale.,
What is the chemical formula for ordinary table salt?,CO₂,H₂O,NaCl,HCl,,NaCl," Table salt is an ionic compound chemically known as sodium chloride. Its chemical formula is NaCl, which indicates it is made of equal parts of the elements sodium Na and chlorine Cl",Chemistry,Multiple Choice,,2,,,,,,Combine sodium (Na) with chlorine (Cl).,
What subatomic particle has a negative charge?,Proton,Neutron,Electron,Nucleus,,Electron,"An atom consists of three primary subatomic particles. Protons carry a positive charge, neutrons have no charge, and electrons carry a negative charge. Electrons orbit the nucleus, which is the dense center containing the protons and neutrons.",Chemistry,Multiple Choice,,2,,,,,,It's the tiny particle that orbits the nucleus.,
Which of the following is considered a chemical change? [1],Melting of ice,Boiling of water,Rusting of iron,Dissolving sugar in water,,Rusting of iron," Rusting of iron involves a chemical reaction where iron reacts with oxygen in the presence of water to form iron(III) oxide (rust). The other options are physical changes, as the chemical identity of the substance (water or sugar) remains the same despite changing states or dissolving.",Chemistry,Multiple Choice,,2,,,,,,Look for the option where a new substance forms and can't easily be reversed.,
What is the chemical element for the symbol K?,,,,,,potassium,,Chemistry,Single Choice,,2,,,,,,Its symbol comes from the Latin 'kalium'.,
What is the chemical element for the symbol Ag?,,,,,,Silver,,Chemistry,Single Choice,,2,,,,,,Its symbol comes from the Latin 'argentum'.,
What chemical compound is commonly known as laughing gas?,nitrous oxide,sucrose,magnesium sulfate,,,nitrous oxide,,Chemistry,Multiple Choice,,2,,,,,,A dentist might give you this gas to help you relax.,
Steel is an alloy of iron and what other element,Carbon,Tin ,Aluminum,,,Carbon,,Chemistry,Multiple Choice,,2,,,,,,It's the same element found in diamonds and pencil lead.,
How many elements are on the periodic table?,88,118,164,,,118,,Chemistry,Multiple Choice,,2,,,,,,"Just over a hundred — the last one is element 118, oganesson.",
Which reaction generates more energy,Nuclear Fusion,Nuclear Fission,Neither,,,Nuclear Fusion,,Chemistry,Multiple Choice,,2,,,,,,It's the reaction that powers the Sun and the stars.,
What gas do plants absorb from the atmosphere?,,,,,,Carbon dioxide,,"Chemistry, Biology, Space",Single Choice,,2,,,,,,It's the same gas humans breathe out.,
Bananas are slightly radio active because they contain what element?,Silver,Potassium,Mercury,,,Potassium,,"Chemistry, General Science",Multiple Choice,,2,,,,,,It's the element with the symbol K.,
Aspirin was first derived from what natural source?,Cedar resin,mint leaves,willow bark,,,willow bark,,"Chemistry, General Science",Multiple Choice,,2,,,,,,Ancient peoples chewed the bark of this tree to ease their aches.,
Which of the following physical and economic characteristics applies directly to real estate?,"Liquid, mobile, abundant, unique","Depreciable, movable, abundant, scarce"," Immovable, indestructible, unique, scarce","Moveable, indestructible, scarce, unique",," Immovable, indestructible, unique, scarce",,Finance/Economic,Multiple Choice,,2,,,,,,Land can't be moved or destroyed and every parcel is one of a kind.,5
"If a country's Gross Domestic Product (GDP) goes up, which of the following is the most accurate statement?",The cost of living has decreased for everyone,The total value of goods and services produced within the country has increased.,Wealth is distributed more equally across the population.,The overall unemployment rate has fallen to zero,,The total value of goods and services produced within the country has increased.,"GDP is simply a measure of the monetary value of all finished goods and services produced within a country's borders in a specific time period. While a rising GDP generally indicates economic growth, it doesn't tell us anything about how wealth is distributed, the inflation rate, or individual standards of living",Finance/Economic,Multiple Choice,,2,,,,,,GDP only measures total output — nothing about fairness or the cost of living.,5
"What common rule of thumb do many economists and journalists use to define a ""technical"" recession?",One month of negative GDP growth,Two consecutive quarters of negative GDP growth,An increase in the stock market by more than 10%,Three consecutive years of inflation,,Two consecutive quarters of negative GDP growth,"A ""technical recession"" is most simply defined as two consecutive quarters of negative economic growth, measured by real GDP. If a country's total output shrinks for six months straight, it generally meets this standard",Finance/Economic,Multiple Choice,,2,,,,,,Think six straight months — two quarters — of shrinking output.,5
Which of the following is typically a key economic indicator that rises during a recession?,Consumer confidence,The employment rate,The unemployment rate,Retail sales,,The unemployment rate," Because consumer spending and business demand decrease during a recession, companies cut costs by halting production and laying off workers. Therefore, the unemployment rate always spikes during these economic downturns",Finance/Economic,Multiple Choice,,2,,,,,,"When businesses cut back, more people end up out of work.",
Which of the following is NOT a core characteristic of a capitalist economy?,Private ownership of property,Central government planning of production,The profit motive,Free market competition,,Central government planning of production," In capitalism, the means of production (resources and businesses) are privately owned, and market forces (supply and demand) dictate prices and production. Central planning of production is the primary feature of a command or planned economy (such as communism)",Finance/Economic,Multiple Choice,,2,,,,,,Three options describe free markets; one describes a command economy.,
How are prices primarily determined in a free-market capitalist economy?,Government price ceilings, Laws of supply and demand,Central planning committees,Historical averages,,Laws of supply and demand,"In a pure capitalist or free-market economy, prices fluctuate based on consumer demand and the available supply of goods. If demand for a product is high and supply is low, the price goes up, encouraging producers to create more",Finance/Economic,Multiple Choice,,2,,,,,,"It's the most fundamental law of economics, about scarcity and demand.",
What does TFSA stand for?,,,,,,Tax-Free Savings Account (TFSA) ,"This is a registered investment and savings account in Canada that allows your money to grow tax-free. While your contributions aren't tax-deductible, any interest, dividends, or capital gains you earn—as well as any withdrawals you make—are completely tax-free",Finance/Economic,Single Choice,,2,,,,,,A Canadian account where your investment growth is never taxed.,
What does FHSA stand for?,,,,,,First Home Savings Account,a registered Canadian account that helps prospective first-time homebuyers save for a down payment on a tax-free basis,Finance/Economic,Single Choice,,2,,,,,,A Canadian account aimed at saving for your first down payment.,
Which is a part of a camera?,Ablative,Objective,Initiative,Narrative,,Objective,,General Science,Multiple Choice,,2,,,,,,It's the main lens that gathers light — also a word for a goal.,
What do you call a scientist that studies weather?,,,,,,Meteorologist,,General Science,Single Choice,,2,,,,,,"Despite the name, the job has nothing to do with meteors.",
Charles Darwin developed his theory of evolution after observing bird life on what group of islands,Hawaiian Islands,Galapagos Islands,Azores,,,Galapagos Islands,,General Science,Multiple Choice,,2,,,,,,"A Pacific island chain off the coast of Ecuador, famous for its finches.",
The internal mechanism that governs our sleeping and waking is known as...?,Circadian rhythm,REM cycle,Metabolic rate,,,Circadian rhythm,,General Science,Multiple Choice,,2,,,,,,It's your roughly 24-hour internal body clock.,
What animal did Ivan Pavlov use in his famous conditioning experiments?,Rabbits,Dogs,Monkey,Cats,,Dogs,"Ivan Pavlov occasionally used cats in his conditioning and physiological experiments, though they are much less famous than his experiments on dogs",General Science,Multiple Choice,,2,,,,,,He famously measured salivation in man's best friend.,
What is the scientific name for the study of earthquakes?,Climatology,Seismology,Volcanology,,,Seismology,,General Science,Multiple Choice,,2,,,,,,It shares its root with the 'seismic' waves it measures.,
A disease that's regularly found in one area of community can be characterized as...,Emergent,Endemic,Sporadic,,,Endemic,,"General Science, Biology",Multiple Choice,,2,,,,,,It means constantly present in one particular place — the root hidden inside 'pandemic'.,
"In hospitals, what code is used when a patient needs critical attention as soon as possible?",Code Blue,Code Red,Code White,,,Code Blue,,"General Science, Biology",Multiple Choice,,2,,,,,,It's the colour linked to a patient who has stopped breathing.,
Which material is commonly used to shield against radiation?,Copper,Tin,Lead,,,Lead,,"General Science, Chemistry",Multiple Choice,,2,,,,,,"A heavy, dense metal — think of the apron you wear during an X-ray.",
Heavy water is primarily used in what industry?,Nuclear power production,textile manufacturing,Ocean desalinization,,,Nuclear power production,,"General Science, Chemistry",Multiple Choice,,2,,,,,,It's used as a moderator inside certain reactors.,
What is the most abundant metal in the Earth's crust,aluminum,copper,lithium,,,aluminum,,"General Science, Geology",Multiple Choice,,2,,,,,,It's the lightweight metal used in soda cans and kitchen foil.,
The first locomotives on the London Underground were powered by what?,Gasoline,Steam,Electricity,Horses,,Steam,,"General Science, History",Multiple Choice,,2,,,,,,"Before electricity, this was the power source belching smoke through the tunnels.",5
Dinosaurs are the evolutionary ancestors of what modern-day animals?,Birds,Lizards,Snakes,,,Birds,,"General Science, History",Multiple Choice,,2,,,,,,Look up — their feathered descendants are flying around today.,
"Why are airplane wings flat on the bottom, but curved on top?",To reduce turbulence,To prevent shearing,To generate lift,,,To generate lift,,"General Science, Physics",Multiple Choice,,2,,,,,,"The curved top makes air rush over faster, creating an upward force.",
What country is located immediately north of Vietnam?,Laos,Malaysia,Burma,China,,China,,Geography,Multiple Choice,,2,,,,,,It's Vietnam's enormous neighbor directly to the north.,
An archipelago is a group of which geographic features?,Islands,Lakes,Jungles,Forests,,Islands,,Geography,Multiple Choice,,2,,,,,,Think of places like Hawaii or the Philippines.,
Bern is the capital of what European country?,,,,,,Switzerland,,Geography,Single Choice,,2,,,,,,"Famed for neutrality, watches, and chocolate.",
How many Great Lakes are there?,,,,,,Five,,Geography,Single Choice,,2,,,,,,You can count them on one hand.,
Name the 5 Great Lakes,,,,,,"A helpful way to remember their names is the acronym HOMES.H - Lake Huron: The second largest by surface area and the lake with the longest shoreline.O - Lake Ontario: The easternmost and smallest by surface area. M - Lake Michigan: The third largest and the only Great Lake located entirely within the United States. E - Lake Erie: The shallowest and warmest of the lakes, making it a major hub for boating and fishing. S - Lake Superior: The largest, deepest, and coldest of the five. Its massive volume contains more water than all the other four lakes combined",,Geography,Single Choice,,2,,,,,,An acronym spelling a place you live can help you recall them.,
Paraguay is a country in which continent?,,,,,,South America,,Geography,Single Choice,,2,,,,,,This landlocked country sits just south of Brazil.,
What flag is this?,,,,,,Manitoba,,Geography,Single Choice,https://upload.wikimedia.org/wikipedia/commons/thumb/c/c4/Flag_of_Manitoba.svg/3840px-Flag_of_Manitoba.svg.png,2,,,,,,A province flag from Canada that is similar to Ontario,
What flag is this?,,,,,,British Columbia,,Geography,Single Choice,https://upload.wikimedia.org/wikipedia/commons/thumb/b/b8/Flag_of_British_Columbia.svg/3840px-Flag_of_British_Columbia.svg.png,2,,,,,,A west coast province flag from Canada,
What flag is this?,,,,,,Alberta,,Geography,Single Choice,https://upload.wikimedia.org/wikipedia/commons/thumb/f/f5/Flag_of_Alberta.svg/3840px-Flag_of_Alberta.svg.png,2,,,,,,A province flag from Canada that has lots of mountains,
What flag is this?,,,,,,Saskatchewan,,Geography,Single Choice,https://upload.wikimedia.org/wikipedia/commons/thumb/b/bb/Flag_of_Saskatchewan.svg/960px-Flag_of_Saskatchewan.svg.png,2,,,,,,"A province flag from Canada that has a provincial flower called "" western red lily""",
What flag is this?,,,,,,Mozambique,,Geography,Single Choice,https://i.insider.com/5b1feb6c5e48ec3c008b45f7?width=1300&format=jpeg&auto=webp,2,,,,,,"The AK-47 should be a giveaway. The country is in Africa.
",
What flag is this?,,,,,,Ecuador,,Geography,Single Choice,https://i.insider.com/5b1feb9e5e48ec20008b45b7?width=1300&format=jpeg&auto=webp,2,,,,,,This country's name derives from what part of the world it's near.,
What flag is this?,,,,,,Dominica,,Geography,Single Choice,https://i.insider.com/5b1feba65e48ec1f008b45a3?width=1300&format=jpeg&auto=webp,2,,,,,,"This country's name is very similar to another country's — they are often confused. Known as the ""Nature Island of the Caribbean""",
What flag is this?,,,,,,Monaco,,Geography,Single Choice,https://i.insider.com/5b19414e5e48ec49008b45fe?width=1300&format=jpeg&auto=webp,2,,,,,,The country is also a city-state.,
What flag is this?,,,,,,Sicily,,Geography,Single Choice,https://i.insider.com/5b1febbe5e48ec47008b4599?width=1300&format=jpeg&auto=webp,2,,,,,,"This flag actually belongs to a region in Europe, not an entire country. ",
What flag is this?,,,,,,North Korea,,Geography,Single Choice,https://upload.wikimedia.org/wikipedia/commons/thumb/4/44/Flag_of_North_Korea_%28March_2026-%29.svg/3840px-Flag_of_North_Korea_%28March_2026-%29.svg.png,2,,,,,,This secretive East Asian country shares a peninsula with its southern neighbor.,
What flag is this?,,,,,,Greece,,Geography,Single Choice,https://upload.wikimedia.org/wikipedia/commons/thumb/5/5c/Flag_of_Greece.svg/3840px-Flag_of_Greece.svg.png,2,,,,,,Blue-and-white stripes from the birthplace of democracy.,
What flag is this?,,,,,,Mexico,,Geography,Single Choice,https://cdn.britannica.com/73/2573-050-C825CE68/Flag-Mexico.jpg?w=1000,2,,,,,,"Green, white, and red, with an eagle eating a snake in the center.",
Which country has the longest coastline?,,,,,,"Canada, due to the number of northern islands",,"Geography, Geology",Single Choice,,2,,,,,,Its countless northern islands add up the mileage.,
"True or False, tsunami and a tidal wave are the same thing?​​​​​​​",TRUE,FALSE,,,,FALSE,No. Tsunamis are caused by water displacement as a result of an undersea earthquake or a landslide. Tidal waves are caused by the moon & Sun's gravitational pull combined with prevailing winds and water currents.,"Geography, Geology",True or False,,2,,,,,,"One is triggered by earthquakes, the other by the moon and tides — quite different causes.",
What is the boundary between two tectonic plates where they are moving away from each other called?,Convergent boundary,Transform boundary,Divergent boundary,Subduction boundary,,Divergent Boundary,"At divergent plate boundaries, tectonic plates pull apart from each other, a process that frequently forms mid-ocean ridges and rift valleys.",Geology,Multiple Choice,,2,,,,,,Diverge' means to move apart.,5
What is the estimated age of the Earth based on radiometric dating?,4.6 billion years,2.5 billion years,541 million years,13.8 billion years,,4.6 billion years,"Radiometric dating of Earth's oldest rocks, lunar samples, and meteorites indicates that the Earth formed approximately 4.6 billion years",Geology,Multiple Choice,,2,,,,,,"It's measured in billions of years, far older than the dinosaurs.",
How thick is the crust of the Earth?,about 4 miles,about 4 km,about 40 km,about 400 km,,about 40 km,"According to geological data provided by sources like National Geographic and Britannica, the Earth's continental crust has a mean thickness of about 40 kilometers (approximately 25 miles). While the exact thickness of the crust varies considerably depending on the location, 40 km serves as a highly accurate baseline representation for the landmasses we live on.",Geology,Multiple Choice,,2,,,,,,Far thinner than you'd guess — about 25 miles under the continents.,
The terms crust and lithosphere are synonymous.,TRUE,FALSE,,,,FALSE,"The crust refers specifically to Earth's outermost chemical layer. The lithosphere is a mechanical layer that includes both the entire crust and the solid, rigid uppermost part of the mantle.",Geology,Multiple Choice,,2,,,,,,The lithosphere includes the crust plus the rigid top of the mantle.,
What is limestone formed by?,,,,,,Crushed shells or coral.,,Geology,Single Choice,,2,,,,,,It builds up from the remains of ancient sea creatures.,
What type of rock forms when molten lava cools down?,Igneous,Sedimentary,Metamorphic,,,Igneous,,Geology,Multiple Choice,,2,,,,,,Its name comes from the Latin word for 'fire'.,
When was the first seismograph invented?​​​​​​​,,,,,,Approximately A.D. 200 in China.,,"Geology, History",Single Choice,,2,,,,,,"It dates back nearly 2,000 years to ancient Asia.",
What did Alfred Nobel invent?,Dynamite,computers,helicopter,morse code,,Dynamite,,History,Multiple Choice,,2,,,,,,His invention was explosive — and his name now graces a famous peace prize.,
Which European is credited with discovering America?,Polo,Pizarro,Vespucci,Columbus,,Columbus,,History,Multiple Choice,,2,,,,,,He sailed the ocean blue in 1492.,
This archaeological model classifies human prehistory and history into three consecutive time periods based on the predominant material used to make tools and weapons. What is each of the three ages in the Three-Age System called?,,,,,,"Stone, Bronze, and Iron",,History,Single Choice,,2,,,,,,"Name the three tool-making materials in order, from oldest to most advanced.",
What was the name of the supercontinent that once joined almost all the earth's landmasses?,Oceania,Pangaea,Gaia,,,Pangaea,,History,Multiple Choice,,2,,,,,,Its name is Greek for 'all lands'.,
Edo is the former name of which world capital?,Bangkok,Beijing,Sydney,Tokyo,,Tokyo,,"History, Geography",Multiple Choice,,2,,,,,,Japan's capital was renamed from this in 1868.,
Which stone helped decode Egyptian hieroglyphs?,Roskilde,Rosamund,Rosetta,Rosting,,Rosetta,,"History, Language",Multiple Choice,,2,,,,,,It shares its name with a famous space probe.,
Which of the following is NOT an official language of Switzerland?,German, Italian,Spanish,,,Spanish,,Language,Multiple Choice,,2,,,,,,"Switzerland speaks German, French, and Italian — which neighbor's language is missing?",
"Wedding and relationships anniversary milestone labels are often called Anniversary Themes, Gift Years, or Anniversary Seals/Stickers. What is the traditional theme for the 5th year? ",Tin/Aluminum,Crystal,Gold,Wood,,5th: Wood,,Language,Multiple Choice,,2,,,,,,The traditional gift is something you'd find in a forest.,10
Magyar is the main language spoken in which country?,Hungary,Poland,Norway,Malaysia,,Hungary,,Language,Multiple Choice,,2,,,,,,Magyar is what locals call themselves in this Central European nation.,
"Which word is a verb in the following sentence? Although she was tired, Maria ran the entire marathon.", Although, tired, entire, ran,,ran ,Ran is the action she performed.,Language,Multiple Choice,,2,,,,,,Find the action word — what did Maria actually do?,
Which word is an adjective in the following sentence? The clever detective quickly found the hidden clues., detective, cleverly, clever, quickly,,clever ,"Clever describes the noun, ""detective"".",Language,Multiple Choice,,2,,,,,,Find the word that describes what kind of detective it was.,5
Which word acts as an adverb in the following sentence? He spoke loudly during the presentation., He, spoke, loudly, during,,loudly ,"Loudly describes how he ""spoke"".",Language,Multiple Choice,,2,,,,,,Find the word describing how he spoke — it ends in -ly.,5
Choose the correct preposition for a date in Canada:,"I will arrive on Monday, February 1st.","I will arrive on Monday, in February 1st.","I will arrive on Monday, at February 1st.","I will arrive on Monday, on February 1st.",,"I will arrive on Monday, February 1st.",The standard format for writing out a full date is Month + Day,Language,Multiple Choice,,2,,,,,,"After naming the day, the month and date simply follow — no extra preposition needed.",
Which sentence is punctuated correctly?,"""I need to buy milk, bread and eggs,"" she said.","""I need to buy milk, bread, and eggs"" she said.","""I need to buy milk, bread, and eggs,"" she said.","""I need to buy milk, bread and eggs"" she said,",,"""I need to buy milk, bread, and eggs,"" she said.","Commas and periods go inside the quotation marks, and a comma separates the quote from the dialogue tag",Language,Multiple Choice,,2,,,,,,Look for the Oxford comma and the comma tucked inside the quotation marks.,
The -re/-er Rule. Which of the following sentences uses the correct Canadian spelling?, We are going to see a play at the new theater.,I need to buy a new meter for my electricity.,She works as a fibre optic technician.,The firemen arrived to put out the flame.,,She works as a fibre optic technician.,"Canadian English retains the British ""-re"" ending for words like fibre and centre,",Language,Multiple Choice,,2,,,,,,Canadian English keeps the British '-re' ending.,5
Which of the following is the defining characteristic of a true acronym?," It is formed by taking the first letters of a phrase and pronouncing it as a single word (e.g., NASA)"," It is formed by speaking the individual letters out loud (e.g., FBI)."," It is a shortened form of a word or phrase, regardless of how it is pronounced.", It must contain at least five syllables.,," It is formed by taking the first letters of a phrase and pronouncing it as a single word (e.g., NASA)","True acronyms are pronounced as a single word, unlike initialisms.",Language,Multiple Choice,,2,,,,,,"A true acronym is pronounced as a single word, like NASA — not spelled out letter by letter.",
"While ""FBI"" is spoken as individual letters (F-B-I), ""NASA"" is pronounced as one word. What is the linguistic term for an abbreviation like FBI?", Acronym, Initialism, Contraction, Portmanteau,,Initialism,Initialisms are abbreviations where you say each letter.,Language,Multiple Choice,,2,,,,,,"When you say each letter separately, it isn't a true acronym.",10
"The word ""etc."" is a shortened form of the Latin phrase et cetera. Which category does it fall under?", Acronym, Initialism, Abbreviation, Blend,,Abbreviation,"It is a shortened written form, not pronounced as a new word or spelled out letter-by-letter.",Language,Multiple Choice,,2,,,,,,It's just a shortened written form — neither said as a word nor spelled out.,
"Why is the line between acronyms and initialisms sometimes considered ""blurry""?", Because linguists cannot agree on their definitions.," Because some terms are spoken both as individual letters and as a single word depending on the speaker (e.g., GIF or SQL).", Because both terms refer to combinations of two or more independent words., Because initialisms are always longer than acronyms.,,"Because some terms are spoken both as individual letters and as a single word depending on the speaker (e.g., GIF or SQL). ",The pronunciation of terms like GIF or SQL often sparks debate on whether they should be categorized as initialisms or acronyms.),Language,Multiple Choice,,2,,,,,,"Think of terms people argue about pronouncing, like GIF.",
"What term is used for a blend of two words that is also shortened (e.g., smog from smoke and fog, or motel from motor and hotel)?", Initialism, Acronym, Clipping, Portmanteau,,Portmanteau,Portmanteaus blend the sounds and meanings of two distinct words.,Language,Multiple Choice,,2,,,,,,Lewis Carroll coined this term; 'brunch' is a classic example.,10
"Which code word in the NATO phonetic alphabet stands for letter ""H""?",Hammer,Hotel,Hello,Highschool,,Hotel,,Language,Multiple Choice,,2,,,,,,A place you stay overnight while travelling.,
What does AM in AM/PM stand for?,,,,,,"AM stands for the Latin phrase ante meridiem, which means ""before midday"" (covering midnight to just before noon). ",,Language,Single Choice,,2,,,,,,It's a Latin phrase meaning 'before midday'.,
What does PM in AM/PM stand for?,,,,,,"PM stands for post meridiem, meaning ""after midday"" (covering noon to just before midnight)",,Language,Single Choice,,2,,,,,,It's the Latin counterpart meaning 'after midday'.,
What does AD in AD/BCE stand for?,,,,,,"AD stands for Anno Domini, Latin for ""in the year of our Lord"". It marks the years after the estimated birth of Jesus Christ.",,Language,Single Choice,,2,,,,,,"It's Latin, marking years after a pivotal birth.",
What does BCE in AD/BCE stand for?,,,,,,"BCE stands for ""Before Common Era."" It refers to the years before the start of the calendar, acting as a secular alternative to BC (""Before Christ""). ",,Language,Single Choice,,2,,,,,,It's the secular stand-in for 'B.C.'.,
"A word, phrase or sequence that reads the same forward and backward is called what?",,,,,,A palindrome,,Language,Single Choice,,2,,,,,,Racecar' and 'level' are examples.,5
"If you had a penny that doubles on the next day, how long would it take for the penny to reach $1,000,000?",24 days,31 days,28 days,27 days,,28 days,"It would take 28 days to reach $1,000,000. Because the value doubles exactly once every 24 hours (on the ""next day""), the growth is exponential. While the total stays small for most of the month, it explodes in the final week due to the power of compounding.",Math/Numbers,Multiple Choice,,2,,,,,,Exponential growth stays tiny until the very end — it lands just under a month.,5
"In geometry, what is the shape of a perfectly round donut called?",Paraboloid,Torus,Mobius strip,Sphere,,Torus,,Math/Numbers,Multiple Choice,,2,,,,,,The geometric name for a ring or donut shape.,
How many sides does a regular hendecagon have?,9,10,11,12,,11,,Math/Numbers,Multiple Choice,,2,,,,,,The prefix 'hendeca-' is Greek for eleven.,
Which mathematician is famous for describing a sequence where each number is the sum of the two preceding ones?,Leonhard Euler,Pythagoras,Leonardo Pisano,René Descartes,,Leonardo Pisano,Leonardo Pisano (Fibonacci),Math/Numbers,Multiple Choice,,2,,,,,,Better known by his nickname Fibonacci.,5
What do the numbers on opposite sides of a standard 6-sided die always add up to?,6,7,8,9,,7,,Math/Numbers,Multiple Choice,,2,,,,,,"1 pairs with 6, 2 with 5, 3 with 4... what's the constant total?",
What is the only number that is spelled out with letters in alphabetical order?,10,40,0,1,,40,"Ten, Forty, Zero, One.  It is spelled f-o-r-t-y, which puts the letters in alphabetical order",Math/Numbers,Multiple Choice,,2,,,,,,Spell it out — f-o-r-t-y.,
What is the term for the distance all the way around the outside edge of a circle?,Diameter,Circumference,Radius,Chord,,Circumference,,Math/Numbers,Multiple Choice,,2,,,,,,It's the perimeter of a circle.,
What is the product of the first three prime numbers?,30,24,27,33,,30,( 2 * 3 * 5 = 30 ),Math/Numbers,Multiple Choice,,2,,,,,,Multiply 2 × 3 × 5.,
"An icosahedron is a polyhedron with 20 faces, each of which is what shape?",Square,Triangle,Rhombus,Pentagon,,Triangle,,Math/Numbers,Multiple Choice,,2,,,,,,Picture a 20-sided die from tabletop games.,
"In math, ∠EFG can be used to describe an angle with a vertex at which point?",E,F,G,H,,F,,Math/Numbers,Multiple Choice,,2,,,,,,The vertex is always the middle letter.,
What is x equal to in: 3x = 15 ?,1,3,5,9,,5,3(5) = 15,Math/Numbers,Multiple Choice,,2,,,,,,Divide both sides by 3.,
What is the numeric value of the Roman numeral L?,,,,,,50,,Math/Numbers,Single Choice,,2,,,,,,Halfway to a Roman century (C).,
What is the sum of 11.5 and negative 14?,,,,,,-2.5,,Math/Numbers,Single Choice,,2,,,,,,The negative value edges out the positive one.,
"What is the numeric value of the Roman numeral ""C""?",,,,,,100,,Math/Numbers,Single Choice,,2,,,,,,It's the root of words like 'century' and 'cent'.,
"What is the numeric value of the Roman numeral ""D""?",,,,,,500,,Math/Numbers,Single Choice,,2,,,,,,It sits halfway between C and M.,
"What is the numeric value of the Roman numeral ""M""?",,,,,,1000,,Math/Numbers,Single Choice,,2,,,,,,Think 'millennium'.,
"What does ""mythical refresh pull"" mean?",,,,,,"(often called a ""mythical FYP pull"" or ""reel pull"") is a slang term used on TikTok and Instagram. It describes the feeling of dragging your screen to refresh your feed and being rewarded with an oddly captivating, hilarious, or perfectly hyper-specific video you absolutely love.",,Meme/Trends,Single Choice,,2,,,,,,It's social-media slang about a perfect scroll-and-refresh moment.,
"What does ""mogging"" mean?",,,,,,"is Gen Z and Gen Alpha slang that means to dominate, outshine, or outperform someone else. It is most commonly used to describe someone who looks physically or aesthetically superior to another person (e.g., being better-looking, taller, or more muscular)",,Meme/Trends,Single Choice,,2,,,,,,Gen Z slang for clearly outshining someone.,
Name this meme.,,,,,,Harambe,,Meme/Trends,Single Choice,https://upload.wikimedia.org/wikipedia/en/e/ee/Harambe_with_boy.jpg,2,,,,,,"This is named after the 450-pound western lowland gorilla at the Cincinnati Zoo who was shot and killed by zoo officials on May 28, 2016.",
Name this meme.,,,,,,Nyan Cat,,Meme/Trends,Single Choice,https://upload.wikimedia.org/wikipedia/en/e/ed/Nyan_cat_250px_frame.PNG,2,,,,,,"This came from a YouTube video uploaded in April 2011, which became an internet meme. The video merged a Japanese pop song with an animated cartoon cat.",
Name this meme.,,,,,,Doge,,Meme/Trends,Single Choice,https://imgflip.com/s/meme/Doge.jpg,2,,,,,,"This is a popular internet meme featuring a Shiba Inu named Kabosu, known for her quizzical expression and broken-English interior monologues (e.g., ""much wow,"" ""such ___"")",
Name this meme.,,,,,,Overly Attached Girlfriend,,Meme/Trends,Single Choice,https://imgflip.com/s/meme/Overly-Attached-Girlfriend.jpg,2,,,,,,"A 2012 viral meme born from a Justin Bieber parody — note the wide-eyed, clingy stare.",
Name this meme.,,,,,,Bad luck Brian,,Meme/Trends,Single Choice,https://imgflip.com/s/meme/Bad-Luck-Brian.jpg,2,,,,,,"An awkward yearbook photo of a boy in a sweater vest, paired with unfortunate outcomes.",
Name this trend.,,,,,,HARLEM SHAKE,,Meme/Trends,Single Choice,https://youtu.be/8vJiSSAMNWw,2,,,,,,"A 2013 video craze: one person dances alone, then everyone erupts when the bass drops.",
Name this dance trend,,,,,,Soulja Boy Crank That Dance,,Meme/Trends,Single Choice,https://youtu.be/yMHygHL-obQ,2,,,,,,A 2007 hip-hop hit with its own 'Superman' dance everyone learned.,
Name this trend.,,,,,,Flash mob dances,,Meme/Trends,Single Choice,https://youtu.be/2DiQUX11YaY,2,,,,,,A large group suddenly breaks into a coordinated dance in a public place.,
Name this meme.,,,,,,Me Gusta,,Meme/Trends,Single Choice,https://static.wikia.nocookie.net/wikimemia/images/a/af/Me_Gusta.png/revision/latest/scale-to-width-down/680?cb=20130512175459,2,,,,,,A crude rage-comic face showing creepy enjoyment; the name is Spanish for 'I like it'.,
Name this meme.,,,,,,Troll face,,Meme/Trends,Single Choice,https://upload.wikimedia.org/wikipedia/en/7/73/Trollface.png,2,,,,,,A black-and-white grinning face used online to signal trolling.,
Name this meme.,,,,,,Rick Roll,,Meme/Trends,Single Choice,https://www.youtube.com/watch?v=Aq5WXmQQooo&pp=ygUJcmljayByb2xs,2,,,,,,Clicking a link unexpectedly plays a 1980s Rick Astley music video.,
Name this popular Kpop song.,,,,,,Into The New World,,Meme/Trends,Single Choice,https://youtu.be/0k2Zzkw_-0I?si=LQ-nKdmCzjYosaiP&t=21,2,,,,,,"A debut anthem by Girls' Generation (SNSD), often sung at protests.",
Name this popular Kpop song.,,,,,,Sorry Sorry by Super Junior,,Meme/Trends,Single Choice,https://www.youtube.com/watch?v=AAWqnA8PdcY&list=RDAAWqnA8PdcY&start_radio=1,2,,,,,,"A 2009 Super Junior hit with a slick, repetitive hand-rubbing dance.",
Name this anime character.,,,,,,Totoro,,Meme/Trends,Single Choice,https://zakkajoy.com/cdn/shop/collections/totoro.png?v=1741375039,2,,,,,,A giant gray forest spirit from a beloved Studio Ghibli film.,
Name this anime character. (Full name),,,,,,Tanjiro Kamado,,Meme/Trends,Single Choice,https://static.wikitide.net/deathbattlewiki/9/98/Portrait.tanjirokamado.png,2,,,,,,The kind-hearted demon slayer with a checkered green-and-black haori.,
Name this anime character. (Full name),,,,,,Monkey D. Luffy,,Meme/Trends,Single Choice,https://static.wikia.nocookie.net/onepiece/images/6/6d/Monkey_D._Luffy_Anime_Post_Timeskip_Infobox.png/revision/latest?cb=20240306200817,2,,,,,,"The straw-hat-wearing, rubber-bodied pirate captain of One Piece.",
Name this anime character.,,,,,,Charizard,,Meme/Trends,Single Choice,https://static.wikia.nocookie.net/ssb/images/4/47/Charizard_-_Super_Smash_Bros._Ultimate.png/revision/latest?cb=20180615152220,2,,,,,,"A fire-breathing, orange dragon-like Pokemon.",
Name this anime character. (Full name),,,,,,Sasha Braus,,Meme/Trends,Single Choice,https://static0.gamerantimages.com/wordpress/wp-content/uploads/2022/11/sasha-blouse-potato-(1).jpg?w=1600&h=900&fit=crop,2,,,,,,The potato-loving soldier from Attack on Titan.,
Name this anime character.,,,,,,No Face,,Meme/Trends,Single Choice,https://mystickermania.com/cdn/stickers/anime/spirited-away-no-face-drinking-tea-512x512.png,2,,,,,,"A masked, shadowy spirit from Spirited Away.",
What is the name of this anime?,,,,,,Neon Genesis Evangelion,,Meme/Trends,Single Choice,https://www.youtube.com/watch?v=nU21rCWkuJw&list=RDnU21rCWkuJw&start_radio=1,2,,,,,,A 1990s mecha series featuring teenage pilots and giant 'Evas'.,
What is the name of this anime?,,,,,,Dan Da Dan,,Meme/Trends,Single Choice,https://youtu.be/a4na2opArGY?si=YJycoBFhoYq0x6Rt&t=33s,2,,,,,,A recent supernatural comedy that mixes aliens and ghosts.,
What is the name of this anime?,,,,,,Haikyu!!,,Meme/Trends,Single Choice,https://www.youtube.com/watch?v=XS-N8KfZ5EU&list=RDXS-N8KfZ5EU&start_radio=1,2,,,,,,A high-energy series about a short boy determined to play volleyball.,
What is the name of this show?,,,,,,Arthur,,Meme/Trends,Single Choice,https://youtu.be/6JMj4R63dEw?si=WAwSJmF_iA4RB_VP&t=2s,2,,,,,,An animated PBS show about a bespectacled aardvark.,
Name this popular Jpop song.,,,,,,Pen-Pineapple-Apple-Pen,,Meme/Trends,Single Choice,https://www.youtube.com/watch?v=0E00Zuayv9Q&t=13s,2,,,,,,A 2016 viral novelty song by the comedian Pikotaro.,
What is the name of this show?,,,,,,SpongeBob SquarePants,,Meme/Trends,Single Choice,https://www.youtube.com/watch?v=r9L4AseD-aA&list=RDr9L4AseD-aA&start_radio=1,2,,,,,,A cheerful sea sponge who works at the Krusty Krab.,
Name this popular Kpop song.,,,,,,Lucifer - SHINee,,Meme/Trends,Single Choice,https://www.youtube.com/watch?v=Dww9UjJ4Dt8&list=RDDww9UjJ4Dt8&start_radio=1,2,,,,,,A 2010 SHINee hit known for its intricate 'handcuff' choreography.,
Whisky is the traditional New Year drink in which country?,Ireland,Scotland,Norway,Netherlands,,Scotland,,"Meme/Trends, History",Multiple Choice,,2,,,,,,Home of Hogmanay and the original 'Scotch.',
Which value is measured in ohms?,Voltage,Amperage,Resistance,Capacitance,,Resistance,,Physics,Multiple Choice,,2,,,,,,It's the electrical property that opposes the flow of current.,
"Which of Newton's Laws of Motion is also known as the ""Law of Inertia"" because an object in motion stays in motion unless acted upon by an outside force?",Newton's First Law,Newton's Second Law,Newton's Third Law,The Law of Universal Gravitation,,Newton's First Law,"Newton's First Law states that an object at rest will remain at rest, and an object in motion will remain in motion at constant velocity, unless acted upon by a net external force.",Physics,Multiple Choice,,2,,,,,,Inertia is the very first thing Newton described.,10
Which phenomenon best explains the dispersion of white light into a rainbow of colors as it passes through a glass prism?,Reflection,Refraction,Diffraction,Interference,,Refraction,"Refraction is the bending of light as it passes from one medium to another. Different colors of light have different wavelengths and bend at slightly different angles, causing them to separate and spread out.",Physics,Multiple Choice,,2,,,,,,It's the bending of light as it slows down entering the glass.,5
Which type of lens is thicker at the center than at the edges and causes parallel light rays to converge?,Concave lens,Convex lens,Plano-concave lens,Cylindrical lens,,Convex lens,A convex lens is a converging lens that focuses parallel light rays,Physics,Multiple Choice,,2,,,,,,"It bulges outward in the middle, like a magnifying glass.",5
What happens to parallel light rays when they pass through a convex lens?,They scatter apart in all directions.,They converge at the focal point.,They continue in a straight line without bending.,They are reflected backward,,They converge at the focal point.," A convex (converging) lens is thicker in the middle than at the edges. When parallel light rays enter the lens, they slow down and bend inward due to refraction, meeting at a specific point called the principal focus.",Physics,Multiple Choice,https://www.vedantu.com/seo/content-images/ad898864-61fb-4234-9bc1-207ba9bc1b35.png,2,,,,,,A magnifying glass focuses sunlight down to a single hot spot.,5
Which colour of visible light has the longest wavelength,Blue,Green,Red,,,Red,,Physics,Multiple Choice,,2,,,,,,"It sits at the very bottom of the rainbow, just before infrared.",
If you double an object's speed what happens to it's kinetic energy?,it stays the same,it doubles,it quadruples,,,it quadruples,,Physics,Multiple Choice,,2,,,,,,"Kinetic energy depends on the speed squared, not the speed itself.",
What is measured in watts?, Volume,power,density, radioactivity,,power,,"Physics, General Science",Multiple Choice,,2,,,,,,It's the rate of energy use — think of the rating on a light bulb.,
Sounds travel fastest in which of the following media?,Air,Water,Vacuum,,,Water,,"Physics, General Science",Multiple Choice,,2,,,,,,Sound travels faster through denser materials than through air.,
Which part of the UK held a 2014 referendum on independence?,Wales,Scotland,Northern Ireland,Yorkshire,,Scotland,,Politics/Laws,Multiple Choice,,2,,,,,,This northern part of the UK voted on leaving in 2014.,
What is the Magna Carta?,Bill that makes it mandatory to put signs in only French,A breach of contract in which the injured party seeks compensation,The charter that limited the King’s ruling power and made all rulers subject to the law,"Laws developed by Napoleon Bonaparte from Justinian Law, a Statue",,The charter that limited the King’s ruling power and made all rulers subject to the law,,Politics/Laws,Multiple Choice,,2,,,,,,"Signed in 1215, it made even the king answer to the law.",
"When was the Charter of Rights and Freedoms signed? 
",3800 years ago,1984,1982,2001,,1984,,Politics/Laws,Multiple Choice,,2,,,,,,It became part of Canada's constitution in the early 1980s.,
"What is the definition of entrenched? 
",A provision making a law valid even though it contradicts some other law,Putting off to another time,Wrongfully accusing an innocent person,A right that can only be changed by an amendment to the Constitution,Not telling the truth while in court,A right that can only be changed by an amendment to the Constitution,,Politics/Laws,Multiple Choice,,2,,,,,,Something dug in so deep only a constitutional change can move it.,
What are the two main types of law?,Public and Private,Guilty and Innocent,Administrative and Constitutional,Civil and Criminal,Summary and Indictable,Public and Private,"Public law deals with the relationship between individuals and the government, including constitutional, administrative, and criminal law. It regulates the actions of the government and protects the rights of individuals. Private law, on the other hand, governs the relationships between individuals and organizations or individuals and individuals. It includes civil law, which covers disputes between individuals, and regulates contracts, property, and torts. The answer is Public and Private because these two categories encompass the broad scope of legal systems and their applications.",Politics/Laws,Multiple Choice,,2,,,,,,The broadest split is between government-vs-individual and individual-vs-individual matters.,
Define prejudice,Preconceived opinion,Written laws formally passed by municipality,"To encourage, incite, or set on another on to commit a crime",Rationale for committing an offense,,Preconceived opinion,"Prejudice refers to a preconceived opinion or judgment about someone or something, often based on stereotypes or biased beliefs. It involves forming an opinion without any actual knowledge or experience. In this context, the correct answer ""Preconceived opinion"" aligns with the definition of prejudice, as it accurately describes the concept of forming judgments without proper understanding or evidence.",Politics/Laws,Multiple Choice,,2,,,,,,It means judging before you actually know — literally 'pre-judging'.,
"An accused may be released by signing a promise to appear, known as:",affidavit,surety,recognizance,peace bond,,recognizance,"A recognizance is a formal judicial release agreement where an accused promises to attend court and abide by specific conditions, backed by a potential financial penalty. While a ""promise to appear"" is a distinct document given by police, a signed recognizance enforces the release.",Politics/Laws,Multiple Choice,,2,,,,,,A formal court bond often backed by a financial penalty.,
Less serious offences in Canada are known as:,misdemeanor,summary conviction,indictable,felony,,summary conviction,Or known as summary offences,Politics/Laws,Multiple Choice,,2,,,,,,The Canadian counterpart to a 'misdemeanor.',
How approx. many years does it take for a small claims court case to be process in canada?,1 month to 4 months,3 to 4 years,6 to 18 months,5 to 10 years,,6 to 18 months,"Most small claims cases take between 6 to 18 months from the initial filing to a final trial decision. Straightforward cases that settle early can conclude in as little as 2 to 4 months, while complex contested cases involving scheduling backlogs can stretch up to 2 years

A typical timeline for a contested claim involves several key stages:
- Filing and Service (1 to 7 months)
- Settlement Conference (3 to 6 months)
- Trial Scheduling (6 to 12 months post-conference)
- Enforcement (3 to 12 months)",Politics/Laws,Multiple Choice,,2,,,,,,Most cases wrap up somewhere between half a year and a year and a half.,5
"This area of civil law is all about ""actionable wrongs."" It deals with holding people financially accountable when their careless actions—or intentional bad behavior—cause harm to others, without needing an actual contract to be in place. What is this law called?",,,,,,Tort Law,,Politics/Laws,Single Choice,,2,,,,,,From the Latin for 'wrong' — and no contract is required.,10
What is the most holy city of the Hindus?,Madras,Calcutta,Allahabad,Varanasi,,Varanasi,,Religion & Mythology,Multiple Choice,,2,,,,,,This ancient city sits on the sacred Ganges River.,
"According to the Bible, what did God use to create Eve?",Wood,Clay,Bone,Sand,,Bone,,Religion & Mythology,Multiple Choice,,2,,,,,,Genesis says it came from one of Adam's ribs.,
Who is the three-headed dog that guards the entrance to the Underworld in Greek mythology,Orthrus,Cerberus,Ladon,Chimera,,Cerberus,"Cerberus is the fearsome, multi-headed hound responsible for preventing the dead from leaving the Underworld",Religion & Mythology,Multiple Choice,,2,,,,,,"This same hound guards a trapdoor in Harry Potter, where it's named 'Fluffy'.",5
"Which Greek hero successfully completed the Twelve Labors, including slaying the Nemean Lion?",Achilles,Theseus,Hercules,Perseus,,Hercules,"Driven mad by Hera, Hercules (or Heracles) had to perform these difficult tasks as penance",Religion & Mythology,Multiple Choice,,2,,,,,,His Roman name is shared by a famous Disney animated movie.,5
Which Egyptian god is typically depicted with the head of a jackal and is associated with mummification and the afterlife?,Osiris,Anubis,Horus,Ra,,Anubis,"Anubis is the ancient Egyptian god of the dead, known as the guide of souls into the afterlife",Religion & Mythology,Multiple Choice,,2,,,,,,"God of mummification, usually shown with a black jackal's head.",10
"According to the myth of Icarus and Daedalus, what material did they use to bind their wings together to escape Crete?",Wax,Tar,Resin,Animal hide,,Wax,"Icarus flew too close to the sun, melting the wax that held his wings together, causing him to fall into the sea",Religion & Mythology,Multiple Choice,,2,,,,,,It melted when he flew too close to the sun.,10
"According to Greek mythology, what was Atlas forced to carry on his shoulders?",the mountains,his wife,the heavens,the oceans,,the heavens,,Religion & Mythology,Multiple Choice,,2,,,,,,He's usually pictured shouldering the sky or a giant globe.,
Which planet in our solar system has the most moons?, Jupiter, Saturn, Uranus, Neptune ,,Saturn,Saturn currently holds the record with 146 known moons,Space,Multiple Choice,,2,,,,,,It's also the planet famous for its spectacular rings.,
Which planet in our solar system is the hottest?, Mercury, Venus, Mars, Jupiter,,Venus,"Thanks to its thick, heat-trapping atmosphere, Venus is hotter than Mercury",Space,Multiple Choice,,2,,,,,,"Its thick atmosphere traps heat, making it hotter than the planet closest to the Sun.",
How long does it take for light from our Sun to reach Earth?, About 8 minutes, Exactly 24 hours, 3 days, 1 year,, About 8 minutes,"Light travels incredibly fast, making the roughly 93 million-mile journey in about 8 minutes and 20 seconds",Space,Multiple Choice,,2,,,,,,Sunlight is only a few minutes 'old' by the time it reaches you.,
Which planet in our solar system has the shortest day?,Earth,Jupiter,Mars,Venus,,Jupiter,"Jupiter rotates incredibly fast, completing one full rotation in just under 10 hours.",Space,Multiple Choice,,2,,,,,,The largest planet also spins the fastest.,
What planet is closest to the sun?,,,,,,Mercury,,Space,Single Choice,,2,,,,,,Also the name of a Roman messenger god and a liquid metal.,
True or false? Light is the only thing that can escape a black hole.,TRUE,FALSE,,,,FALSE,,Space,True or False,,2,,,,,,Not even light can escape a black hole's event horizon.,5
What was the name of the first satellite that was launched into space?,Apollo 1,Explorer 1,Sputnik 1,,,Sputnik 1,,Space,Multiple Choice,,2,,,,,,This Soviet sphere launched in 1957 and kicked off the Space Race.,
Around how long does it take for the Earth to orbit the Sun,1 day,30 days,365 days,,,365 days,,Space,Multiple Choice,,2,,,,,,It's the length of one calendar year.,
"If someone were to stand on the moon's surface, how would their mass compare to their mass on Earth?",It would be greater,It would be less,It would be the same,,,It would be the same,,Space,Multiple Choice,,2,,,,,,Mass never changes with location — only weight does.,
What is the name of the boundary around a black hole beyond which nothing can escape?,heliopause,event horizon,centaurus,,,event horizon,,Space,Multiple Choice,,2,,,,,,Cross this point of no return and not even light can get back out.,
What do we call an interstellar cloud of gas and dust where stars form?,Nebula,Pulsar,Supernova,,,Nebula,,Space,Multiple Choice,,2,,,,,,Its name comes from the Latin word for 'cloud'.,
What type of eclipse occurs when the moon passes directly between Earth and the sun?,a lunar eclipse,a solar eclipse,a tidal eclipse,,,a solar eclipse,,Space,Multiple Choice,,2,,,,,,It happens when the moon blocks out the Sun in the daytime.,
What is the national sport of Japan?,Baseball,Sumo Wrestling,Soccer,Badminton,,Sumo Wrestling,,Sports,Multiple Choice,,2,,,,,,It involves two very large wrestlers facing off in a ring.,
Which women's tennis player holds the record for the most Grand Slam singles titles in the Open Era?,Steffi Graf,Martina Navratilova,Serena Williams,Venus Williams,,Serena Williams,"Serena Williams dominated the sport, winning 23 major Grand Slam singles titles over her incredible career.",Sports,Multiple Choice,,2,,,,,,This American legend racked up 23 major singles titles.,5
Which of the following is an illegal action in a standard volleyball match?,Hitting the ball with your foot,Passing the ball to a teammate using a bump (forearm pass),Blocking an opponent’s serve directly at the net,The ball touching the net and going over on a serve,,Blocking an opponent’s serve directly at the net,"It is entirely legal to hit the ball with your foot, to let a served ball touch the net and land in, or to perform a bump. However, the rules explicitly state that you cannot block or attack a served ball directly above or inside the net's zone.",Sports,Multiple Choice,,2,,,,,,You're not allowed to attack or block a ball while it's being served.,
What is the specialized defensive player on a volleyball team who wears a different colored jersey and cannot serve or spike called?,The Libero,The Setter,The Opposite Hitter,The Middle Blocker,,The Libero,"Introduced to the sport in 1998 by the FIVB (the international governing body), the Libero is a back-row specialist designed to act as the primary defender and passer. To make them easy to track, they wear a jersey that sharply contrasts with their teammates and are restricted from serving, blocking, or attacking the ball above the net.",Sports,Multiple Choice,,2,,,,,,This back-row specialist wears a contrasting jersey and can't spike or serve.,10
"What is the ""kitchen"" in pickleball?",The area of the court where players are allowed to eat snacks,"The non-volley zone, which is 7 feet from the net on both sides",The server's designated serving area,The area outside the sidelines,,"The non-volley zone, which is 7 feet from the net on both sides","The ""kitchen"" is the official nickname for the non-volley zone. Players are strictly not allowed to hit a volley (hitting the ball out of the air before it bounces) while standing in this 7-foot zone.",Sports,Multiple Choice,,2,,,,,,It's the no-volley zone right by the net — no snacks involved.,
"How many points are typically required to win a standard game of pickleball, and by how many points must a team lead?","11 points, must win by 2","21 points, must win by 1","15 points, must win by 2","11 points, must win by 1 ",,"11 points, must win by 2","Standard tournament and recreational games are played to 11 points, but the winning team must win by at least a 2-point margin.",Sports,Multiple Choice,,2,,,,,,"Like ping-pong, you've got to win by a margin of two.",10
"Which competitive swimming stroke uses a simultaneous, whip-like kick often referred to as the ""frog kick""?",Butterfly,Backstroke,Breaststroke,Freestyle,,Breaststroke, The breaststroke is the only competitive stroke that requires the swimmer to bring their legs up and perform a simultaneous whip or wedge kick (colloquially called the frog kick). The other strokes use either a flutter kick (freestyle/backstroke) or a dolphin kick (butterfly).,Sports,Multiple Choice,,2,,,,,,Picture a frog's legs pushing out and back through the water.,5
Which of the following is recognized as the slowest competitive swimming stroke in major competitions?,Butterfly,Backstroke,Breaststroke,Freestyle,,Breaststroke,"The breaststroke has the slowest world-record times among the four Olympic strokes. Swimmers must move their arms simultaneously in a circular motion while executing a simultaneous whip kick. Because the swimmer must glide and recover both limbs at the same time, forward propulsion stops momentarily during every cycle, making it the slowest but often considered the most highly technical stroke to master",Sports,Multiple Choice,,2,,,,,,The stroke that uses the frog kick is also the slowest.,5
What is the fastest swimming stroke in competitive racing?,Butterfly,Backstroke,Breaststroke,Freestyle,,Freestyle,Freestyle (specifically the front crawl) is the fastest stroke because it allows swimmers to continuously pull through the water with one arm while maintaining a streamlined body position and constant momentum,Sports,Multiple Choice,,2,,,,,,It's the front crawl you see racers use to win.,
How long is a standard marathon in km?,21.08 km,32.18 km,42.19 km,48.28 km,,42.19 km,"The marathon distance is set at 42.195 kilometres or 26.2 miles. It is based on the legendary run of the Greek soldier Pheidippides, who ran from the city of Marathon to Athens to announce a military victory.",Sports,Multiple Choice,,2,,,,,,It's just over 42 km — about 26.2 miles.,
Which of the following activities is best for improving aerobic capacity?,Heavy weightlifting,Sprinting,Long-distance swimming,Static stretching,,Long-distance swimming,"Swimming long distances is a premier cardiovascular exercise that requires continuous movement of large muscle groups. It increases heart rate and oxygen consumption, which directly strengthens the heart and improves lung function.",Sports,Multiple Choice,,2,,,,,,"Choose the sustained, continuous cardio activity.",
Which of the following types of tissue is the most metabolically active in the body?,Adipose (fat) tissue,Muscle tissue,Bone tissue,Cartilage,,Muscle tissue,Muscle is highly metabolically active compared to fat. A pound of muscle naturally burns about three times more calories than a pound of fat while at rest,"Sports, Biology",Multiple Choice,,2,,,,,,It burns far more calories at rest than fat does.,
What is the primary role of creatine in the human body?,To build red blood cells for better endurance,To act as a reservoir for quick energy (ATP) during intense exercise,To stimulate the central nervous system like caffeine,To transport oxygen to the muscles,,To act as a reservoir for quick energy (ATP) during intense exercise,"Creatine combines with phosphate in the body to create phosphocreatine. During high-intensity exercise (like weightlifting or sprinting), phosphocreatine donates its phosphate group to replenish ATP, which is the immediate fuel source your muscles use for contraction","Sports, Biology",Multiple Choice,,2,,,,,,"It helps rapidly replenish your muscles' instant fuel during short, intense bursts.",
Which type of creatine is the most researched and recommended by sports dietitians?,Creatine ethyl ester,Buffered creatine,Creatine monohydrate,Creatine liquid,,Creatine monohydrate,"Creatine monohydrate is the form used in the vast majority of scientific studies. It is the most cost-effective and proven form, whereas newer, heavily marketed types do not appear to offer any additional benefits","Sports, Biology",Multiple Choice,,2,,,,,,"It's the cheapest, oldest, and most thoroughly studied form.",
What is the standard daily recommended maintenance dose of creatine for most individuals?,20 to 25 grams,1 to 2 grams,3 to 5 grams,50 grams,,3 to 5 grams,"Nearly all studies showing long-term benefits in muscle growth and strength used a dose of 3 to 5 grams per day. While some athletes choose to do a ""loading phase"" of 20 grams a day for the first week to saturate their muscles faster, it is not strictly necessary.","Sports, Biology",Multiple Choice,,2,,,,,,A small daily scoop — not the bigger 'loading phase' amount.,
"Which of the following is a common, well-documented side effect of creatine supplementation?",Kidney failure,Hair loss,Water retention in the muscles,Chronic dehydration ,,Water retention in the muscles,"Creatine is an osmotically active substance, meaning it pulls water into the muscle cells when it is absorbed. This can cause a minor, initial increase in total body water (intracellularly), which is often misinterpreted as harmful fluid retention or weight gain. Extensive research has debunked the myths that creatine causes kidney failure or hair loss in healthy individuals.","Sports, Biology",Multiple Choice,,2,,,,,,"It pulls water into your muscle cells, causing a little extra weight.",
"In addition to muscle performance, what other area of health is showing promising benefits from creatine supplementation?",Digestion,Vision,Cognitive function and memory,Lung capacity,,Cognitive function and memory,"Like muscles, the brain has a high energy demand. Emerging research indicates that increasing creatine stores in the brain may help support mental fatigue, short-term memory, and processing speed, particularly during periods of sleep deprivation or in older adults. ","Sports, Biology",Multiple Choice,,2,,,,,,"Like your muscles, this other high-energy organ may benefit too.",10
"Which of these is a game piece in the board game ""Monopoly""?",a shoe,a stick,a cigar,a keyboard,,a shoe,,"Sports, General Knowledge",Multiple Choice,,2,,,,,,"Alongside the top hat and thimble, this piece of footwear is a classic token.",
What is the core definition of data sovereignty?,The physical location where data is stored.,The legal authority a country has over data generated and stored within its borders., The right of a corporation to own user data.,The encryption of data during transit.,,The legal authority a country has over data generated and stored within its borders.," Data sovereignty refers to the legal jurisdiction and control a government has over digital data, meaning the data must comply with the laws of the country where it resides.",Technology,Multiple Choice,,2,,,,,,It's about which country's laws govern the data.,
Which British computer scientist is credited with inventing the World Wide Web in 1989?,Bill Gates ,Tim Berners-Lee ,Steve Jobs ,Alan Turing,,Tim Berners-Lee,,Technology,Multiple Choice,,2,,,,,,This British scientist gave the world 'www' and HTML.,5
"What does the letter ""P"" stand for in the abbreviation ""GPS""?",Protocol,Position,Positioning,Point,,Positioning,,Technology,Multiple Choice,,2,,,,,,GPS = Global ___ System.,
What is the name of this cable head?,,,,,,USB type B,,Technology,Single Choice,https://cdn.shopify.com/s/files/1/1595/6213/files/USB_Type_B_2.0_cropped_480x480.jpg?v=1690771023,2,,,,,,The squarish connector you'd find on a printer or older device.,
What is the name of this cable head?,,,,,,USB type A,,Technology,Single Choice,https://cdn.shopify.com/s/files/1/1595/6213/files/USB_Type_A_3.0_blue_cropped_b72c51ee-df0e-457d-86fb-07d11fc62dcf_480x480.jpg?v=1690774623,2,,,,,,The classic flat rectangular plug on most USB sticks and chargers.,
What is the name of this cable head?,,,,,,mini USB,,Technology,Single Choice,https://www.wandkey.com/wp-content/uploads/2024/08/mini-USB-connector.jpg,2,,,,,,A small trapezoid connector common on older cameras and MP3 players.,
What does HDMI stand for?,,,,,,High-Definition Multimedia Interface,,Technology,Single Choice,,2,,,,,,It carries high-definition video and audio to your TV over a single cable.,
What does USB stand for?,,,,,,Universal Serial Bus,,Technology,Single Choice,,2,,,,,,The 'U' means it works universally across all kinds of devices.,
Cellphones use what kind of waves to transmit information?,Infrared,Gamma,Radio,,,Radio,,Technology,Multiple Choice,,2,,,,,,They're the same kind of waves your car stereo picks up.,
The theoretical point at which artificial intelligence surpasses human intelligence is known as what?,The Singularity,The Butterfly Effect,Quantum Supremacy,,,The Singularity,Also known as Technological Singularity,Technology,Multiple Choice,,2,,,,,,"Borrowed from physics, it marks a point beyond which things become unpredictable.",
What does the term LED stand for?,Liquid Electron Display,Light Emitting Diode,Low Electric Diagram,,,Light Emitting Diode,,Technology,Multiple Choice,,2,,,,,,The 'L' stands for light — these tiny components light up your screens.,
What is the name of this cable head?,,,,,,micro usb,"also known as ""micro-b usb""","Technology, General Knowledge",Single Choice,https://img.freepik.com/premium-photo/black-micro-usb-cable-isolated-white-closeup_161301-656.jpg,2,,,,,,The tiny connector found on most Android phones before USB-C.,
What is the name of this cable head?,,,,,,USB type C,,"Technology, General Knowledge",Single Choice,https://static.vecteezy.com/system/resources/thumbnails/073/852/382/small/close-up-of-a-silver-usb-c-connector-on-a-black-cable-isolated-on-white-background-free-photo.jpg,2,,,,,,"The reversible, oval connector on modern phones and laptops.",
What materials is commonly used to build microchips?,Carbon fiber,Titanium,Silicon,,,Silicon,,"Technology, General Science",Multiple Choice,,2,,,,,,It's the element that gave Silicon Valley its name.,
What year was the first Apple iPhone released?,2005,2007,2009,2011,,2007,,"Technology, History",Multiple Choice,,2,,,,,,"Steve Jobs unveiled it in the mid-2000s, before the App Store even existed.",
What does AM in AM/FM stand for?,,,,,,AM stands for Amplitude Modulation.,,"Technology, Language",Single Choice,,2,,,,,,The 'A' refers to varying the wave's height.,
What does FM in AM/FM stand for?,,,,,,FM stands for Frequency Modulation.,,"Technology, Language",Single Choice,,2,,,,,,The 'F' refers to varying the wave's rate.,
Which fictional fantasy kingdom serves as the primary setting for The Legend of Zelda video game series? ,Hyrule,The Mushroom Kingdom,Tamriel,Yharnam,,Hyrule,,Games,Multiple Choice,,2,,,,,,It's the fantasy land Link adventures through to save its namesake princess.,
"Which video game is officially the highest-selling video game of all time, with over 300 million copies sold across various platforms?",Grand Theft Auto V,Tetris,Minecraft,Super Mario Bros,,Minecraft,,Games,Multiple Choice,,2,,,,,,A blocky sandbox game all about mining ore and building anything you imagine.,
Name this meme.,,,,,,Ugandan knuckles,,Meme/Trends,Single Choice,https://www.youtube.com/watch?v=P31z2qbErpc,2,,,,,,A 2018 VRChat swarm of red echidna characters asking 'do you know da wae?',
Name this meme.,,,,,,Business Cat,,Meme/Trends,Single Choice,https://static.wikia.nocookie.net/meme/images/7/71/BusinessCat2.jpg/revision/latest?cb=20110826211824,2,,,,,,"A house cat dressed in a necktie, acting like a no-nonsense office boss.",
Name this trend.,,,,,,Planking,,Meme/Trends,Single Choice,https://scontent.fybz1-1.fna.fbcdn.net/v/t39.30808-6/512653189_10228468555405480_463780779796248699_n.jpg?_nc_cat=100&ccb=1-7&_nc_sid=cf85f3&_nc_ohc=X3sUv4igY_MQ7kNvwE36db0&_nc_oc=AdousruXiTjXSPBsqPgd1jO_6l4qp_AspmBivSqkG6ArXSHbgeZM8fh3wDS7dzyPupY&_nc_zt=23&_nc_ht=scontent.fybz1-1.fna&_nc_gid=Kq9xSNWj1cwhsLv7EOhCiw&_nc_ss=7b2a8&oh=00_Af-lvzODElZBXlUW0VBzNKS3HEVxYQee3iIIZ-vridCu3w&oe=6A2825AC,2,,,,,,A 2011 fad: lying stiff and face-down in unusual public spots.,
Name this trending challenge.,,,,,,ASL Ice bucket challenge,,Meme/Trends,Single Choice,https://youtu.be/Mmax3yEZX58?si=nGiXZe4vjsSaKgzr&t=68,2,,,,,,A 2014 viral fundraiser where people doused themselves in freezing water for ALS.,
Name this trending challenge.,,,,,,Cinnamon Challenge ,,Meme/Trends,Single Choice,https://youtu.be/Cyk7utV_D2I?si=cni4TYjrE3nJPIbu&t=64,2,,,,,,A risky dare to swallow a spoonful of the dry spice in 60 seconds.,
Name this song.,,,,,,Blue,,Meme/Trends,Single Choice,https://youtu.be/4iwHb189X84?si=jGfUQqlcHNj7DxmV,2,,,,,,A 1999 Eurodance hit by Eiffel 65 with the chorus 'da ba dee da ba di.',
Name the video game this character is from.,,,,,,Tom Nook from Animal Crossing,,"Games, Meme/Trends",Single Choice,https://static0.polygonimages.com/wordpress/wp-content/uploads/2026/01/tom_nook_animal_crossing_new_horizons.jpg?w=1600&h=900&fit=crop,2,,,,,,A relaxing life-sim where a raccoon-like shopkeeper saddles you with a mortgage.,
Name the video game this character is from.,,,,,,Mayor Lewis from Stardew Valley,,"Games, Meme/Trends",Single Choice,https://i.redd.it/0aj6n4ru3bec1.png,2,,,,,,A pixel-art farming game where you inherit your grandfather's old plot.,
Name the video game this character is from.,,,,,,Dr.Hakim from It takes two,,"Games, Meme/Trends",Single Choice,https://static0.thegamerimages.com/wordpress/wp-content/uploads/2021/04/it-takes-two-dr-hakim.jpg?w=1200&h=628&fit=crop,2,,,,,,"A co-op adventure about a couple turned into dolls, guided by a love-therapy book.",
Name the video game this character is from.,,,,,,Orange Mushroom from MapleStory,,"Games, Meme/Trends",Single Choice,https://pbs.twimg.com/profile_images/502636712376291328/JaSB1XwS_400x400.jpeg,2,,,,,,A smiling orange fungus that's an iconic low-level monster in a classic 2D side-scrolling Korean MMORPG.,
Name the video game this character is from.,,,,,,Teemo from League of Legends,,"Games, Meme/Trends",Single Choice,https://static.wikia.nocookie.net/p__/images/e/e3/Teemo_Render_2.png/revision/latest?cb=20210407171219&path-prefix=protagonist,2,,,,,,A tiny hat-wearing scout who plants poisonous mushrooms in a wildly popular MOBA.,
Name the video game this character is from.,,,,,,Rosalina from Super Mario Galaxy,,"Games, Meme/Trends",Single Choice,https://static0.gamerantimages.com/wordpress/wp-content/uploads/2025/11/mario-galaxy-movie-reveals-who-is-playing-rosalina-and-bowser-jr-game-rant-rosalina-satisfied.jpg?w=1600&h=900&fit=crop,2,,,,,,"A tall, cosmic princess who watches over the star-like Lumas in a space-themed Mario platformer.",
Name the video game this scene is from.,,,,,,Super Smash Bros. Ultimate,,"Games, Meme/Trends",Single Choice,https://ssb.wiki.gallery/images/thumb/8/86/SSBU-Battlefield.png/1200px-SSBU-Battlefield.png,2,,,,,,Nintendo's all-star crossover brawler where fighters knock each other off floating stages.,
Name the show.,,,,,,When Life Gives You Tangerines,,Entertainment,Single Choice,https://dnm.nflximg.net/api/v6/BvVbc2Wxr2w6QuoANoSpJKEIWjQ/AAAAQW7xApELCqdVS6BKKsJMkcOpGYZPqploD6-thsh3U3nZoudZSBEzquJRFnJ3i62zFlkeBTUG4T2SmbcKSwsRyYFsoe0DLw79opV-q08FjlYZDDvE1d-0A_a3qyC0NQmoBJA6dUFXeF9geIUZNOA67-E5FsQ.jpg?r=e6b,2,,,,,,"A 2025 Netflix K-drama set on Jeju Island, following a couple's life across the decades.",
Name the show.,,,,,,Boys Over Flowers,,Entertainment,Single Choice,https://www.commonsensemedia.org/sites/default/files/styles/social_share_image/public/screenshots/csm-tv/boys-over-flowers.jpg,2,,,,,,"A 2009 Korean drama about an ordinary girl and the elite ""F4"" boys at a posh school.",
Name the show.,,,,,,Squid Game,,Entertainment,Single Choice,https://encrypted-tbn0.gstatic.com/images?q=tbn:ANd9GcQmfRPQ0FTyB6JZOpJNvmCp2KA8VMw06jfScQ&s,2,,,,,,A Korean Netflix hit where desperate players risk their lives in deadly children's games for a cash prize.,
Name the movie.,,,,,,Beautiful Boy,,Entertainment,Single Choice,https://cinemaperspective.com/wp-content/uploads/2019/01/beautiful-boy-movie.png,2,,,,,,"A 2018 drama starring Timothee Chalamet as a young man battling addiction, based on a father-son memoir.",
Name the movie.,,,,,,Project Hail Mary,,Entertainment,Single Choice,https://www.ctvnews.ca/resizer/v2/6MBOFRK6R5HZNBC4LO6OU7ZANY.jpg?auth=ddf1dce4bd2d7e67ffdaea2a641aeaca3321ae255aa943b9a4c035decc607314&width=800&height=533,2,,,,,,"A 2026 sci-fi epic with Ryan Gosling as an amnesiac astronaut on a lone mission to save the sun, from Andy Weir's novel.",
Name the movie.,,,,,,Everything Everywhere All at Once,,Entertainment,Single Choice,https://i.redd.it/81rnjq9vgc191.jpg,2,,,,,,"A 2022 multiverse adventure that swept the Oscars, starring Michelle Yeoh as a laundromat owner.",
Name the movie.,,,,,,How to Train Your Dragon: The Hidden World,,Entertainment,Single Choice,https://www.inquirer.com/resizer/v2/LEKITMD5LVEHJLTX75XRDN4FO4.jpg?auth=642a25b59583278970a59e4af814008061321389e3fd563766b3babe985a2914&width=760&height=507&smart=true,2,,,,,,"The 2019 finale of an animated trilogy about a Viking boy and his dragon, Toothless.",
Name the movie.,,,,,,Weathering with You,,Entertainment,Single Choice,https://compote.slate.com/images/a7c8b135-1bc0-4cef-b469-141cc4068c73.jpeg?crop=1560%2C1040%2Cx0%2Cy0,2,,,,,,A 2019 Makoto Shinkai anime about a runaway boy and a girl who can control the weather.,
Name the movie the song is from.,,,,,,F1 the Movie,,Entertainment,Single Choice,https://music.youtube.com/watch?v=eFF1TGfHdp8&si=mDhsFykcQSquw6Do#audio,2,,,,,,"A 2025 Brad Pitt film about a veteran returning to elite open-wheel motor racing; this track is Tate McRae's ""Just Keep Watching.""",
Name the movie the song is from.,,,,,,Pirates of the Caribbean,,Entertainment,Single Choice,https://music.youtube.com/watch?v=IjmkU7y4KjM&si=onHMj5PiGL-ALYKM#audio,2,,,,,,"A swashbuckling Disney franchise led by Captain Jack Sparrow; this is its iconic ""He's a Pirate"" theme.",
Name the movie the song is from.,,,,,,Interstellar,,Entertainment,Single Choice,https://music.youtube.com/watch?v=7GlsxNI4LVI&si=TVjia2k_iqlOcpiA#audio,2,,,,,,"A 2014 Christopher Nolan space epic about a father crossing galaxies to save Earth, scored with Hans Zimmer's soaring organ.",
